-- =============================================
-- IPL 2024 Seed Data
-- =============================================

-- League
INSERT INTO leagues (id, name, description, sport_type, is_active, created_at)
VALUES ('b0000000-0000-0000-0000-000000000001', 'Indian Premier League', 'The premier T20 cricket league in India', 'CRICKET', TRUE, now());

-- Season
INSERT INTO seasons (id, league_id, name, season_number, description, status, league_prediction_lock_hours, match_prediction_lock_hours, created_at)
VALUES ('c0000000-0000-0000-0000-000000000001', 'b0000000-0000-0000-0000-000000000001', 'IPL 2024', 17, 'Indian Premier League Season 2024', 'UPCOMING', 4, 1, now());

-- 10 Teams
INSERT INTO teams (id, name, short_name, logo_url, description, created_at) VALUES
    ('d0000000-0000-0000-0000-000000000001', 'Chennai Super Kings',       'CSK',  NULL, 'Founded in 2008', now()),
    ('d0000000-0000-0000-0000-000000000002', 'Delhi Capitals',            'DC',   NULL, 'Founded in 2008', now()),
    ('d0000000-0000-0000-0000-000000000003', 'Gujarat Titans',            'GT',   NULL, 'Founded in 2022', now()),
    ('d0000000-0000-0000-0000-000000000004', 'Kolkata Knight Riders',     'KKR',  NULL, 'Founded in 2008', now()),
    ('d0000000-0000-0000-0000-000000000005', 'Lucknow Super Giants',      'LSG',  NULL, 'Founded in 2022', now()),
    ('d0000000-0000-0000-0000-000000000006', 'Mumbai Indians',            'MI',   NULL, 'Founded in 2008', now()),
    ('d0000000-0000-0000-0000-000000000007', 'Punjab Kings',              'PBKS', NULL, 'Founded in 2008', now()),
    ('d0000000-0000-0000-0000-000000000008', 'Rajasthan Royals',          'RR',   NULL, 'Founded in 2008', now()),
    ('d0000000-0000-0000-0000-000000000009', 'Royal Challengers Bengaluru','RCB', NULL, 'Founded in 2008', now()),
    ('d0000000-0000-0000-0000-000000000010', 'Sunrisers Hyderabad',       'SRH',  NULL, 'Founded in 2013', now());

-- Season-Team enrollments
INSERT INTO season_teams (season_id, team_id, seed_position, created_at) VALUES
    ('c0000000-0000-0000-0000-000000000001', 'd0000000-0000-0000-0000-000000000001', 1, now()),
    ('c0000000-0000-0000-0000-000000000001', 'd0000000-0000-0000-0000-000000000002', 2, now()),
    ('c0000000-0000-0000-0000-000000000001', 'd0000000-0000-0000-0000-000000000003', 3, now()),
    ('c0000000-0000-0000-0000-000000000001', 'd0000000-0000-0000-0000-000000000004', 4, now()),
    ('c0000000-0000-0000-0000-000000000001', 'd0000000-0000-0000-0000-000000000005', 5, now()),
    ('c0000000-0000-0000-0000-000000000001', 'd0000000-0000-0000-0000-000000000006', 6, now()),
    ('c0000000-0000-0000-0000-000000000001', 'd0000000-0000-0000-0000-000000000007', 7, now()),
    ('c0000000-0000-0000-0000-000000000001', 'd0000000-0000-0000-0000-000000000008', 8, now()),
    ('c0000000-0000-0000-0000-000000000001', 'd0000000-0000-0000-0000-000000000009', 9, now()),
    ('c0000000-0000-0000-0000-000000000001', 'd0000000-0000-0000-0000-000000000010', 10, now());

-- Players (25 per team = 250 total)
-- CSK Players
INSERT INTO players (team_id, name, jersey_number, player_role, is_active, created_at) VALUES
    ('d0000000-0000-0000-0000-000000000001', 'MS Dhoni', 7, 'WICKET_KEEPER', TRUE, now()),
    ('d0000000-0000-0000-0000-000000000001', 'Ruturaj Gaikwad', 31, 'BATSMAN', TRUE, now()),
    ('d0000000-0000-0000-0000-000000000001', 'Devon Conway', 88, 'BATSMAN', TRUE, now()),
    ('d0000000-0000-0000-0000-000000000001', 'Shivam Dube', 25, 'ALL_ROUNDER', TRUE, now()),
    ('d0000000-0000-0000-0000-000000000001', 'Ravindra Jadeja', 8, 'ALL_ROUNDER', TRUE, now()),
    ('d0000000-0000-0000-0000-000000000001', 'Moeen Ali', 18, 'ALL_ROUNDER', TRUE, now()),
    ('d0000000-0000-0000-0000-000000000001', 'Deepak Chahar', 90, 'BOWLER', TRUE, now()),
    ('d0000000-0000-0000-0000-000000000001', 'Tushar Deshpande', 42, 'BOWLER', TRUE, now()),
    ('d0000000-0000-0000-0000-000000000001', 'Matheesha Pathirana', 34, 'BOWLER', TRUE, now()),
    ('d0000000-0000-0000-0000-000000000001', 'Maheesh Theekshana', 55, 'BOWLER', TRUE, now()),
    ('d0000000-0000-0000-0000-000000000001', 'Rachin Ravindra', 22, 'ALL_ROUNDER', TRUE, now()),
    ('d0000000-0000-0000-0000-000000000001', 'Daryl Mitchell', 15, 'ALL_ROUNDER', TRUE, now()),
    ('d0000000-0000-0000-0000-000000000001', 'Sameer Rizvi', 44, 'BATSMAN', TRUE, now()),
    ('d0000000-0000-0000-0000-000000000001', 'Aravelly Avanish', 71, 'BOWLER', TRUE, now()),
    ('d0000000-0000-0000-0000-000000000001', 'Mustafizur Rahman', 91, 'BOWLER', TRUE, now()),
    ('d0000000-0000-0000-0000-000000000001', 'Shaik Rasheed', 17, 'BATSMAN', TRUE, now()),
    ('d0000000-0000-0000-0000-000000000001', 'Nishant Sindhu', 53, 'ALL_ROUNDER', TRUE, now()),
    ('d0000000-0000-0000-0000-000000000001', 'Ajinkya Rahane', 45, 'BATSMAN', TRUE, now()),
    ('d0000000-0000-0000-0000-000000000001', 'Mitchell Santner', 77, 'ALL_ROUNDER', TRUE, now()),
    ('d0000000-0000-0000-0000-000000000001', 'Simarjeet Singh', 63, 'BOWLER', TRUE, now()),
    ('d0000000-0000-0000-0000-000000000001', 'Prashant Solanki', 64, 'BOWLER', TRUE, now()),
    ('d0000000-0000-0000-0000-000000000001', 'Mukesh Choudhary', 48, 'BOWLER', TRUE, now()),
    ('d0000000-0000-0000-0000-000000000001', 'Rajvardhan Hangargekar', 69, 'ALL_ROUNDER', TRUE, now()),
    ('d0000000-0000-0000-0000-000000000001', 'Shardul Thakur', 10, 'ALL_ROUNDER', TRUE, now()),
    ('d0000000-0000-0000-0000-000000000001', 'Avanish Rao Aravelly', 72, 'BOWLER', TRUE, now());

-- MI Players
INSERT INTO players (team_id, name, jersey_number, player_role, is_active, created_at) VALUES
    ('d0000000-0000-0000-0000-000000000006', 'Rohit Sharma', 45, 'BATSMAN', TRUE, now()),
    ('d0000000-0000-0000-0000-000000000006', 'Ishan Kishan', 23, 'WICKET_KEEPER', TRUE, now()),
    ('d0000000-0000-0000-0000-000000000006', 'Suryakumar Yadav', 63, 'BATSMAN', TRUE, now()),
    ('d0000000-0000-0000-0000-000000000006', 'Hardik Pandya', 33, 'ALL_ROUNDER', TRUE, now()),
    ('d0000000-0000-0000-0000-000000000006', 'Tim David', 55, 'BATSMAN', TRUE, now()),
    ('d0000000-0000-0000-0000-000000000006', 'Tilak Varma', 9, 'BATSMAN', TRUE, now()),
    ('d0000000-0000-0000-0000-000000000006', 'Jasprit Bumrah', 93, 'BOWLER', TRUE, now()),
    ('d0000000-0000-0000-0000-000000000006', 'Piyush Chawla', 29, 'BOWLER', TRUE, now()),
    ('d0000000-0000-0000-0000-000000000006', 'Gerald Coetzee', 14, 'BOWLER', TRUE, now()),
    ('d0000000-0000-0000-0000-000000000006', 'Akash Madhwal', 47, 'BOWLER', TRUE, now()),
    ('d0000000-0000-0000-0000-000000000006', 'Nuwan Thushara', 69, 'BOWLER', TRUE, now()),
    ('d0000000-0000-0000-0000-000000000006', 'Romario Shepherd', 72, 'ALL_ROUNDER', TRUE, now()),
    ('d0000000-0000-0000-0000-000000000006', 'Vishnu Vinod', 42, 'WICKET_KEEPER', TRUE, now()),
    ('d0000000-0000-0000-0000-000000000006', 'Naman Dhir', 64, 'BATSMAN', TRUE, now()),
    ('d0000000-0000-0000-0000-000000000006', 'Nehal Wadhera', 16, 'BATSMAN', TRUE, now()),
    ('d0000000-0000-0000-0000-000000000006', 'Shams Mulani', 21, 'ALL_ROUNDER', TRUE, now()),
    ('d0000000-0000-0000-0000-000000000006', 'Mohammad Nabi', 18, 'ALL_ROUNDER', TRUE, now()),
    ('d0000000-0000-0000-0000-000000000006', 'Luke Wood', 19, 'BOWLER', TRUE, now()),
    ('d0000000-0000-0000-0000-000000000006', 'Dilshan Madushanka', 24, 'BOWLER', TRUE, now()),
    ('d0000000-0000-0000-0000-000000000006', 'Arjun Tendulkar', 35, 'ALL_ROUNDER', TRUE, now()),
    ('d0000000-0000-0000-0000-000000000006', 'Dewald Brevis', 8, 'BATSMAN', TRUE, now()),
    ('d0000000-0000-0000-0000-000000000006', 'Kwena Maphaka', 77, 'BOWLER', TRUE, now()),
    ('d0000000-0000-0000-0000-000000000006', 'Kumar Kartikeya', 31, 'BOWLER', TRUE, now()),
    ('d0000000-0000-0000-0000-000000000006', 'Harvik Desai', 11, 'WICKET_KEEPER', TRUE, now()),
    ('d0000000-0000-0000-0000-000000000006', 'Shreyas Gopal', 6, 'ALL_ROUNDER', TRUE, now());

-- RCB Players
INSERT INTO players (team_id, name, jersey_number, player_role, is_active, created_at) VALUES
    ('d0000000-0000-0000-0000-000000000009', 'Virat Kohli', 18, 'BATSMAN', TRUE, now()),
    ('d0000000-0000-0000-0000-000000000009', 'Faf du Plessis', 13, 'BATSMAN', TRUE, now()),
    ('d0000000-0000-0000-0000-000000000009', 'Glenn Maxwell', 32, 'ALL_ROUNDER', TRUE, now()),
    ('d0000000-0000-0000-0000-000000000009', 'Rajat Patidar', 65, 'BATSMAN', TRUE, now()),
    ('d0000000-0000-0000-0000-000000000009', 'Dinesh Karthik', 21, 'WICKET_KEEPER', TRUE, now()),
    ('d0000000-0000-0000-0000-000000000009', 'Mohammed Siraj', 73, 'BOWLER', TRUE, now()),
    ('d0000000-0000-0000-0000-000000000009', 'Yash Dayal', 44, 'BOWLER', TRUE, now()),
    ('d0000000-0000-0000-0000-000000000009', 'Wanindu Hasaranga', 49, 'ALL_ROUNDER', TRUE, now()),
    ('d0000000-0000-0000-0000-000000000009', 'Karn Sharma', 99, 'BOWLER', TRUE, now()),
    ('d0000000-0000-0000-0000-000000000009', 'Reece Topley', 14, 'BOWLER', TRUE, now()),
    ('d0000000-0000-0000-0000-000000000009', 'Cameron Green', 55, 'ALL_ROUNDER', TRUE, now()),
    ('d0000000-0000-0000-0000-000000000009', 'Mahipal Lomror', 77, 'ALL_ROUNDER', TRUE, now()),
    ('d0000000-0000-0000-0000-000000000009', 'Anuj Rawat', 41, 'WICKET_KEEPER', TRUE, now()),
    ('d0000000-0000-0000-0000-000000000009', 'Suyash Prabhudessai', 3, 'BATSMAN', TRUE, now()),
    ('d0000000-0000-0000-0000-000000000009', 'Will Jacks', 22, 'ALL_ROUNDER', TRUE, now()),
    ('d0000000-0000-0000-0000-000000000009', 'Tom Curran', 33, 'ALL_ROUNDER', TRUE, now()),
    ('d0000000-0000-0000-0000-000000000009', 'Lockie Ferguson', 10, 'BOWLER', TRUE, now()),
    ('d0000000-0000-0000-0000-000000000009', 'Swapnil Singh', 28, 'ALL_ROUNDER', TRUE, now()),
    ('d0000000-0000-0000-0000-000000000009', 'Himanshu Sharma', 36, 'BOWLER', TRUE, now()),
    ('d0000000-0000-0000-0000-000000000009', 'Rajan Kumar', 62, 'BOWLER', TRUE, now()),
    ('d0000000-0000-0000-0000-000000000009', 'Akash Deep', 88, 'BOWLER', TRUE, now()),
    ('d0000000-0000-0000-0000-000000000009', 'Alzarri Joseph', 40, 'BOWLER', TRUE, now()),
    ('d0000000-0000-0000-0000-000000000009', 'Saurav Chauhan', 57, 'BATSMAN', TRUE, now()),
    ('d0000000-0000-0000-0000-000000000009', 'Manoj Bhandage', 68, 'ALL_ROUNDER', TRUE, now()),
    ('d0000000-0000-0000-0000-000000000009', 'Vyshak Vijaykumar', 95, 'BOWLER', TRUE, now());

-- KKR Players
INSERT INTO players (team_id, name, jersey_number, player_role, is_active, created_at) VALUES
    ('d0000000-0000-0000-0000-000000000004', 'Shreyas Iyer', 41, 'BATSMAN', TRUE, now()),
    ('d0000000-0000-0000-0000-000000000004', 'Andre Russell', 12, 'ALL_ROUNDER', TRUE, now()),
    ('d0000000-0000-0000-0000-000000000004', 'Sunil Narine', 74, 'ALL_ROUNDER', TRUE, now()),
    ('d0000000-0000-0000-0000-000000000004', 'Rinku Singh', 35, 'BATSMAN', TRUE, now()),
    ('d0000000-0000-0000-0000-000000000004', 'Phil Salt', 1, 'WICKET_KEEPER', TRUE, now()),
    ('d0000000-0000-0000-0000-000000000004', 'Nitish Rana', 27, 'BATSMAN', TRUE, now()),
    ('d0000000-0000-0000-0000-000000000004', 'Venkatesh Iyer', 44, 'ALL_ROUNDER', TRUE, now()),
    ('d0000000-0000-0000-0000-000000000004', 'Varun Chakravarthy', 29, 'BOWLER', TRUE, now()),
    ('d0000000-0000-0000-0000-000000000004', 'Sunil Narine', 74, 'ALL_ROUNDER', TRUE, now()),
    ('d0000000-0000-0000-0000-000000000004', 'Mitchell Starc', 56, 'BOWLER', TRUE, now()),
    ('d0000000-0000-0000-0000-000000000004', 'Harshit Rana', 17, 'BOWLER', TRUE, now()),
    ('d0000000-0000-0000-0000-000000000004', 'Ramandeep Singh', 8, 'ALL_ROUNDER', TRUE, now()),
    ('d0000000-0000-0000-0000-000000000004', 'Angkrish Raghuvanshi', 77, 'BATSMAN', TRUE, now()),
    ('d0000000-0000-0000-0000-000000000004', 'Anukul Roy', 88, 'ALL_ROUNDER', TRUE, now()),
    ('d0000000-0000-0000-0000-000000000004', 'Manish Pandey', 61, 'BATSMAN', TRUE, now()),
    ('d0000000-0000-0000-0000-000000000004', 'Vaibhav Arora', 19, 'BOWLER', TRUE, now()),
    ('d0000000-0000-0000-0000-000000000004', 'Dushmantha Chameera', 91, 'BOWLER', TRUE, now()),
    ('d0000000-0000-0000-0000-000000000004', 'Sakib Hussain', 52, 'BOWLER', TRUE, now()),
    ('d0000000-0000-0000-0000-000000000004', 'Suyash Sharma', 66, 'BOWLER', TRUE, now()),
    ('d0000000-0000-0000-0000-000000000004', 'KS Bharat', 99, 'WICKET_KEEPER', TRUE, now()),
    ('d0000000-0000-0000-0000-000000000004', 'Gus Atkinson', 25, 'BOWLER', TRUE, now()),
    ('d0000000-0000-0000-0000-000000000004', 'Rahmanullah Gurbaz', 55, 'WICKET_KEEPER', TRUE, now()),
    ('d0000000-0000-0000-0000-000000000004', 'Spencer Johnson', 13, 'BOWLER', TRUE, now()),
    ('d0000000-0000-0000-0000-000000000004', 'Chetan Sakariya', 14, 'BOWLER', TRUE, now()),
    ('d0000000-0000-0000-0000-000000000004', 'Rana Dutta', 48, 'BOWLER', TRUE, now());

-- DC Players
INSERT INTO players (team_id, name, jersey_number, player_role, is_active, created_at) VALUES
    ('d0000000-0000-0000-0000-000000000002', 'Rishabh Pant', 17, 'WICKET_KEEPER', TRUE, now()),
    ('d0000000-0000-0000-0000-000000000002', 'David Warner', 31, 'BATSMAN', TRUE, now()),
    ('d0000000-0000-0000-0000-000000000002', 'Axar Patel', 20, 'ALL_ROUNDER', TRUE, now()),
    ('d0000000-0000-0000-0000-000000000002', 'Prithvi Shaw', 1, 'BATSMAN', TRUE, now()),
    ('d0000000-0000-0000-0000-000000000002', 'Anrich Nortje', 24, 'BOWLER', TRUE, now()),
    ('d0000000-0000-0000-0000-000000000002', 'Kuldeep Yadav', 23, 'BOWLER', TRUE, now()),
    ('d0000000-0000-0000-0000-000000000002', 'Mitchell Marsh', 8, 'ALL_ROUNDER', TRUE, now()),
    ('d0000000-0000-0000-0000-000000000002', 'Tristan Stubbs', 67, 'BATSMAN', TRUE, now()),
    ('d0000000-0000-0000-0000-000000000002', 'Ishant Sharma', 29, 'BOWLER', TRUE, now()),
    ('d0000000-0000-0000-0000-000000000002', 'Khaleel Ahmed', 13, 'BOWLER', TRUE, now()),
    ('d0000000-0000-0000-0000-000000000002', 'Mukesh Kumar', 44, 'BOWLER', TRUE, now()),
    ('d0000000-0000-0000-0000-000000000002', 'Pravin Dubey', 42, 'BOWLER', TRUE, now()),
    ('d0000000-0000-0000-0000-000000000002', 'Vicky Ostwal', 55, 'BOWLER', TRUE, now()),
    ('d0000000-0000-0000-0000-000000000002', 'Abishek Porel', 77, 'WICKET_KEEPER', TRUE, now()),
    ('d0000000-0000-0000-0000-000000000002', 'Ricky Bhui', 32, 'BATSMAN', TRUE, now()),
    ('d0000000-0000-0000-0000-000000000002', 'Kumar Kushagra', 60, 'WICKET_KEEPER', TRUE, now()),
    ('d0000000-0000-0000-0000-000000000002', 'Shai Hope', 9, 'WICKET_KEEPER', TRUE, now()),
    ('d0000000-0000-0000-0000-000000000002', 'Sumit Kumar', 36, 'BOWLER', TRUE, now()),
    ('d0000000-0000-0000-0000-000000000002', 'Swastik Chikara', 71, 'BATSMAN', TRUE, now()),
    ('d0000000-0000-0000-0000-000000000002', 'Rasikh Salam', 15, 'BOWLER', TRUE, now()),
    ('d0000000-0000-0000-0000-000000000002', 'Jake Fraser-McGurk', 91, 'BATSMAN', TRUE, now()),
    ('d0000000-0000-0000-0000-000000000002', 'Harry Brook', 88, 'BATSMAN', TRUE, now()),
    ('d0000000-0000-0000-0000-000000000002', 'Jhye Richardson', 14, 'BOWLER', TRUE, now()),
    ('d0000000-0000-0000-0000-000000000002', 'Lizaad Williams', 22, 'BOWLER', TRUE, now()),
    ('d0000000-0000-0000-0000-000000000002', 'Yash Dhull', 52, 'BATSMAN', TRUE, now());

-- GT Players
INSERT INTO players (team_id, name, jersey_number, player_role, is_active, created_at) VALUES
    ('d0000000-0000-0000-0000-000000000003', 'Shubman Gill', 77, 'BATSMAN', TRUE, now()),
    ('d0000000-0000-0000-0000-000000000003', 'Rashid Khan', 19, 'ALL_ROUNDER', TRUE, now()),
    ('d0000000-0000-0000-0000-000000000003', 'David Miller', 12, 'BATSMAN', TRUE, now()),
    ('d0000000-0000-0000-0000-000000000003', 'Wriddhiman Saha', 9, 'WICKET_KEEPER', TRUE, now()),
    ('d0000000-0000-0000-0000-000000000003', 'Mohammed Shami', 11, 'BOWLER', TRUE, now()),
    ('d0000000-0000-0000-0000-000000000003', 'Noor Ahmad', 42, 'BOWLER', TRUE, now()),
    ('d0000000-0000-0000-0000-000000000003', 'BR Sharath', 44, 'WICKET_KEEPER', TRUE, now()),
    ('d0000000-0000-0000-0000-000000000003', 'Darshan Nalkande', 67, 'ALL_ROUNDER', TRUE, now()),
    ('d0000000-0000-0000-0000-000000000003', 'Sai Sudharsan', 33, 'BATSMAN', TRUE, now()),
    ('d0000000-0000-0000-0000-000000000003', 'Vijay Shankar', 6, 'ALL_ROUNDER', TRUE, now()),
    ('d0000000-0000-0000-0000-000000000003', 'Mohit Sharma', 18, 'BOWLER', TRUE, now()),
    ('d0000000-0000-0000-0000-000000000003', 'Azmatullah Omarzai', 21, 'ALL_ROUNDER', TRUE, now()),
    ('d0000000-0000-0000-0000-000000000003', 'Spencer Johnson', 88, 'BOWLER', TRUE, now()),
    ('d0000000-0000-0000-0000-000000000003', 'Matthew Wade', 13, 'WICKET_KEEPER', TRUE, now()),
    ('d0000000-0000-0000-0000-000000000003', 'Kane Williamson', 22, 'BATSMAN', TRUE, now()),
    ('d0000000-0000-0000-0000-000000000003', 'Jayant Yadav', 8, 'ALL_ROUNDER', TRUE, now()),
    ('d0000000-0000-0000-0000-000000000003', 'Umesh Yadav', 15, 'BOWLER', TRUE, now()),
    ('d0000000-0000-0000-0000-000000000003', 'Kartik Tyagi', 14, 'BOWLER', TRUE, now()),
    ('d0000000-0000-0000-0000-000000000003', 'Manav Suthar', 57, 'BOWLER', TRUE, now()),
    ('d0000000-0000-0000-0000-000000000003', 'Shahrukh Khan', 3, 'BATSMAN', TRUE, now()),
    ('d0000000-0000-0000-0000-000000000003', 'Abhinav Manohar', 2, 'BATSMAN', TRUE, now()),
    ('d0000000-0000-0000-0000-000000000003', 'Joshua Little', 71, 'BOWLER', TRUE, now()),
    ('d0000000-0000-0000-0000-000000000003', 'Sandeep Warrier', 16, 'BOWLER', TRUE, now()),
    ('d0000000-0000-0000-0000-000000000003', 'Robin Minz', 99, 'WICKET_KEEPER', TRUE, now()),
    ('d0000000-0000-0000-0000-000000000003', 'Sushant Mishra', 48, 'BOWLER', TRUE, now());

-- SRH Players
INSERT INTO players (team_id, name, jersey_number, player_role, is_active, created_at) VALUES
    ('d0000000-0000-0000-0000-000000000010', 'Pat Cummins', 30, 'ALL_ROUNDER', TRUE, now()),
    ('d0000000-0000-0000-0000-000000000010', 'Travis Head', 5, 'BATSMAN', TRUE, now()),
    ('d0000000-0000-0000-0000-000000000010', 'Heinrich Klaasen', 69, 'WICKET_KEEPER', TRUE, now()),
    ('d0000000-0000-0000-0000-000000000010', 'Abhishek Sharma', 4, 'ALL_ROUNDER', TRUE, now()),
    ('d0000000-0000-0000-0000-000000000010', 'Bhuvneshwar Kumar', 15, 'BOWLER', TRUE, now()),
    ('d0000000-0000-0000-0000-000000000010', 'T Natarajan', 77, 'BOWLER', TRUE, now()),
    ('d0000000-0000-0000-0000-000000000010', 'Aiden Markram', 11, 'BATSMAN', TRUE, now()),
    ('d0000000-0000-0000-0000-000000000010', 'Rahul Tripathi', 33, 'BATSMAN', TRUE, now()),
    ('d0000000-0000-0000-0000-000000000010', 'Marco Jansen', 20, 'ALL_ROUNDER', TRUE, now()),
    ('d0000000-0000-0000-0000-000000000010', 'Washington Sundar', 6, 'ALL_ROUNDER', TRUE, now()),
    ('d0000000-0000-0000-0000-000000000010', 'Abdul Samad', 99, 'BATSMAN', TRUE, now()),
    ('d0000000-0000-0000-0000-000000000010', 'Mayank Markande', 42, 'BOWLER', TRUE, now()),
    ('d0000000-0000-0000-0000-000000000010', 'Anmolpreet Singh', 13, 'BATSMAN', TRUE, now()),
    ('d0000000-0000-0000-0000-000000000010', 'Jaydev Unadkat', 8, 'BOWLER', TRUE, now()),
    ('d0000000-0000-0000-0000-000000000010', 'Wanindu Hasaranga', 47, 'ALL_ROUNDER', TRUE, now()),
    ('d0000000-0000-0000-0000-000000000010', 'Nitish Kumar Reddy', 2, 'ALL_ROUNDER', TRUE, now()),
    ('d0000000-0000-0000-0000-000000000010', 'Shahbaz Ahmed', 17, 'ALL_ROUNDER', TRUE, now()),
    ('d0000000-0000-0000-0000-000000000010', 'Upendra Yadav', 44, 'WICKET_KEEPER', TRUE, now()),
    ('d0000000-0000-0000-0000-000000000010', 'Umran Malik', 95, 'BOWLER', TRUE, now()),
    ('d0000000-0000-0000-0000-000000000010', 'Sanvir Singh', 71, 'BATSMAN', TRUE, now()),
    ('d0000000-0000-0000-0000-000000000010', 'Jhathavedh Subramanyan', 88, 'BOWLER', TRUE, now()),
    ('d0000000-0000-0000-0000-000000000010', 'Fazalhaq Farooqi', 49, 'BOWLER', TRUE, now()),
    ('d0000000-0000-0000-0000-000000000010', 'Akash Singh', 32, 'BOWLER', TRUE, now()),
    ('d0000000-0000-0000-0000-000000000010', 'Glenn Phillips', 61, 'WICKET_KEEPER', TRUE, now()),
    ('d0000000-0000-0000-0000-000000000010', 'Mayank Agarwal', 16, 'BATSMAN', TRUE, now());

-- RR Players
INSERT INTO players (team_id, name, jersey_number, player_role, is_active, created_at) VALUES
    ('d0000000-0000-0000-0000-000000000008', 'Sanju Samson', 9, 'WICKET_KEEPER', TRUE, now()),
    ('d0000000-0000-0000-0000-000000000008', 'Jos Buttler', 63, 'WICKET_KEEPER', TRUE, now()),
    ('d0000000-0000-0000-0000-000000000008', 'Yashasvi Jaiswal', 19, 'BATSMAN', TRUE, now()),
    ('d0000000-0000-0000-0000-000000000008', 'Shimron Hetmyer', 26, 'BATSMAN', TRUE, now()),
    ('d0000000-0000-0000-0000-000000000008', 'Trent Boult', 18, 'BOWLER', TRUE, now()),
    ('d0000000-0000-0000-0000-000000000008', 'Yuzvendra Chahal', 3, 'BOWLER', TRUE, now()),
    ('d0000000-0000-0000-0000-000000000008', 'Riyan Parag', 77, 'ALL_ROUNDER', TRUE, now()),
    ('d0000000-0000-0000-0000-000000000008', 'Dhruv Jurel', 21, 'WICKET_KEEPER', TRUE, now()),
    ('d0000000-0000-0000-0000-000000000008', 'Rovman Powell', 11, 'BATSMAN', TRUE, now()),
    ('d0000000-0000-0000-0000-000000000008', 'Sandeep Sharma', 27, 'BOWLER', TRUE, now()),
    ('d0000000-0000-0000-0000-000000000008', 'Navdeep Saini', 8, 'BOWLER', TRUE, now()),
    ('d0000000-0000-0000-0000-000000000008', 'Avesh Khan', 23, 'BOWLER', TRUE, now()),
    ('d0000000-0000-0000-0000-000000000008', 'Ravichandran Ashwin', 99, 'ALL_ROUNDER', TRUE, now()),
    ('d0000000-0000-0000-0000-000000000008', 'Kunal Rathore', 72, 'BATSMAN', TRUE, now()),
    ('d0000000-0000-0000-0000-000000000008', 'Donovan Ferreira', 55, 'BATSMAN', TRUE, now()),
    ('d0000000-0000-0000-0000-000000000008', 'Nandre Burger', 17, 'BOWLER', TRUE, now()),
    ('d0000000-0000-0000-0000-000000000008', 'Tom Kohler-Cadmore', 14, 'BATSMAN', TRUE, now()),
    ('d0000000-0000-0000-0000-000000000008', 'Abid Mushtaq', 42, 'BOWLER', TRUE, now()),
    ('d0000000-0000-0000-0000-000000000008', 'Shubham Dubey', 33, 'BATSMAN', TRUE, now()),
    ('d0000000-0000-0000-0000-000000000008', 'Tanush Kotian', 47, 'ALL_ROUNDER', TRUE, now()),
    ('d0000000-0000-0000-0000-000000000008', 'Kuldeep Sen', 66, 'BOWLER', TRUE, now()),
    ('d0000000-0000-0000-0000-000000000008', 'Keshav Maharaj', 88, 'BOWLER', TRUE, now()),
    ('d0000000-0000-0000-0000-000000000008', 'Tushar Deshpande', 29, 'BOWLER', TRUE, now()),
    ('d0000000-0000-0000-0000-000000000008', 'Abdul PA', 44, 'BATSMAN', TRUE, now()),
    ('d0000000-0000-0000-0000-000000000008', 'Aman Hakim Khan', 60, 'BOWLER', TRUE, now());

-- LSG Players
INSERT INTO players (team_id, name, jersey_number, player_role, is_active, created_at) VALUES
    ('d0000000-0000-0000-0000-000000000005', 'KL Rahul', 1, 'WICKET_KEEPER', TRUE, now()),
    ('d0000000-0000-0000-0000-000000000005', 'Quinton de Kock', 12, 'WICKET_KEEPER', TRUE, now()),
    ('d0000000-0000-0000-0000-000000000005', 'Nicholas Pooran', 23, 'WICKET_KEEPER', TRUE, now()),
    ('d0000000-0000-0000-0000-000000000005', 'Marcus Stoinis', 32, 'ALL_ROUNDER', TRUE, now()),
    ('d0000000-0000-0000-0000-000000000005', 'Krunal Pandya', 44, 'ALL_ROUNDER', TRUE, now()),
    ('d0000000-0000-0000-0000-000000000005', 'Devdutt Padikkal', 26, 'BATSMAN', TRUE, now()),
    ('d0000000-0000-0000-0000-000000000005', 'Deepak Hooda', 18, 'ALL_ROUNDER', TRUE, now()),
    ('d0000000-0000-0000-0000-000000000005', 'Ravi Bishnoi', 77, 'BOWLER', TRUE, now()),
    ('d0000000-0000-0000-0000-000000000005', 'Mark Wood', 9, 'BOWLER', TRUE, now()),
    ('d0000000-0000-0000-0000-000000000005', 'Mohsin Khan', 90, 'BOWLER', TRUE, now()),
    ('d0000000-0000-0000-0000-000000000005', 'Naveen-ul-Haq', 55, 'BOWLER', TRUE, now()),
    ('d0000000-0000-0000-0000-000000000005', 'Yash Thakur', 36, 'BOWLER', TRUE, now()),
    ('d0000000-0000-0000-0000-000000000005', 'Ayush Badoni', 99, 'BATSMAN', TRUE, now()),
    ('d0000000-0000-0000-0000-000000000005', 'Matt Henry', 14, 'BOWLER', TRUE, now()),
    ('d0000000-0000-0000-0000-000000000005', 'Prerak Mankad', 67, 'ALL_ROUNDER', TRUE, now()),
    ('d0000000-0000-0000-0000-000000000005', 'Krishnappa Gowtham', 33, 'ALL_ROUNDER', TRUE, now()),
    ('d0000000-0000-0000-0000-000000000005', 'Arshad Khan', 17, 'BOWLER', TRUE, now()),
    ('d0000000-0000-0000-0000-000000000005', 'Mayank Yadav', 42, 'BOWLER', TRUE, now()),
    ('d0000000-0000-0000-0000-000000000005', 'Manimaran Siddharth', 71, 'BOWLER', TRUE, now()),
    ('d0000000-0000-0000-0000-000000000005', 'Ashton Turner', 88, 'ALL_ROUNDER', TRUE, now()),
    ('d0000000-0000-0000-0000-000000000005', 'David Willey', 38, 'ALL_ROUNDER', TRUE, now()),
    ('d0000000-0000-0000-0000-000000000005', 'Arshin Kulkarni', 5, 'ALL_ROUNDER', TRUE, now()),
    ('d0000000-0000-0000-0000-000000000005', 'Shivam Mavi', 72, 'BOWLER', TRUE, now()),
    ('d0000000-0000-0000-0000-000000000005', 'Yudhvir Singh', 48, 'ALL_ROUNDER', TRUE, now()),
    ('d0000000-0000-0000-0000-000000000005', 'Amit Mishra', 10, 'BOWLER', TRUE, now());

-- PBKS Players
INSERT INTO players (team_id, name, jersey_number, player_role, is_active, created_at) VALUES
    ('d0000000-0000-0000-0000-000000000007', 'Shikhar Dhawan', 42, 'BATSMAN', TRUE, now()),
    ('d0000000-0000-0000-0000-000000000007', 'Jonny Bairstow', 51, 'WICKET_KEEPER', TRUE, now()),
    ('d0000000-0000-0000-0000-000000000007', 'Liam Livingstone', 23, 'ALL_ROUNDER', TRUE, now()),
    ('d0000000-0000-0000-0000-000000000007', 'Sam Curran', 58, 'ALL_ROUNDER', TRUE, now()),
    ('d0000000-0000-0000-0000-000000000007', 'Jitesh Sharma', 14, 'WICKET_KEEPER', TRUE, now()),
    ('d0000000-0000-0000-0000-000000000007', 'Prabhsimran Singh', 1, 'WICKET_KEEPER', TRUE, now()),
    ('d0000000-0000-0000-0000-000000000007', 'Harpreet Brar', 4, 'ALL_ROUNDER', TRUE, now()),
    ('d0000000-0000-0000-0000-000000000007', 'Arshdeep Singh', 2, 'BOWLER', TRUE, now()),
    ('d0000000-0000-0000-0000-000000000007', 'Kagiso Rabada', 25, 'BOWLER', TRUE, now()),
    ('d0000000-0000-0000-0000-000000000007', 'Rahul Chahar', 5, 'BOWLER', TRUE, now()),
    ('d0000000-0000-0000-0000-000000000007', 'Harshal Patel', 18, 'BOWLER', TRUE, now()),
    ('d0000000-0000-0000-0000-000000000007', 'Nathan Ellis', 55, 'BOWLER', TRUE, now()),
    ('d0000000-0000-0000-0000-000000000007', 'Chris Woakes', 19, 'ALL_ROUNDER', TRUE, now()),
    ('d0000000-0000-0000-0000-000000000007', 'Rilee Rossouw', 27, 'BATSMAN', TRUE, now()),
    ('d0000000-0000-0000-0000-000000000007', 'Ashutosh Sharma', 17, 'ALL_ROUNDER', TRUE, now()),
    ('d0000000-0000-0000-0000-000000000007', 'Shashank Singh', 9, 'ALL_ROUNDER', TRUE, now()),
    ('d0000000-0000-0000-0000-000000000007', 'Vidwath Kaverappa', 66, 'BOWLER', TRUE, now()),
    ('d0000000-0000-0000-0000-000000000007', 'Prince Choudhary', 88, 'BOWLER', TRUE, now()),
    ('d0000000-0000-0000-0000-000000000007', 'Tanay Thyagarajalu', 77, 'BOWLER', TRUE, now()),
    ('d0000000-0000-0000-0000-000000000007', 'Vishwanath Pratap Singh', 71, 'BOWLER', TRUE, now()),
    ('d0000000-0000-0000-0000-000000000007', 'Sikandar Raza', 44, 'ALL_ROUNDER', TRUE, now()),
    ('d0000000-0000-0000-0000-000000000007', 'Chris Jordan', 33, 'BOWLER', TRUE, now()),
    ('d0000000-0000-0000-0000-000000000007', 'Atharva Taide', 91, 'BATSMAN', TRUE, now()),
    ('d0000000-0000-0000-0000-000000000007', 'Rishi Dhawan', 72, 'ALL_ROUNDER', TRUE, now()),
    ('d0000000-0000-0000-0000-000000000007', 'Shivam Singh', 36, 'BATSMAN', TRUE, now());

-- 3 sample scheduled matches
INSERT INTO matches (id, season_id, home_team_id, away_team_id, match_number, scheduled_at, venue, prediction_lock_time, status, created_at) VALUES
    ('e0000000-0000-0000-0000-000000000001',
     'c0000000-0000-0000-0000-000000000001',
     'd0000000-0000-0000-0000-000000000001',
     'd0000000-0000-0000-0000-000000000009',
     1, '2024-03-22 19:30:00+05:30', 'MA Chidambaram Stadium, Chennai',
     '2024-03-22 18:30:00+05:30', 'SCHEDULED', now()),
    ('e0000000-0000-0000-0000-000000000002',
     'c0000000-0000-0000-0000-000000000001',
     'd0000000-0000-0000-0000-000000000007',
     'd0000000-0000-0000-0000-000000000002',
     2, '2024-03-23 15:30:00+05:30', 'Punjab Cricket Association Stadium, Mohali',
     '2024-03-23 14:30:00+05:30', 'SCHEDULED', now()),
    ('e0000000-0000-0000-0000-000000000003',
     'c0000000-0000-0000-0000-000000000001',
     'd0000000-0000-0000-0000-000000000004',
     'd0000000-0000-0000-0000-000000000010',
     3, '2024-03-23 19:30:00+05:30', 'Eden Gardens, Kolkata',
     '2024-03-23 18:30:00+05:30', 'SCHEDULED', now());
